generation,best,mean,std
0,21.758253,1.049021,11.956545
1,-5.78996,-5.793009,0.003049
2,-5.78996,-5.793009,0.003049
3,-5.78996,-5.78996,0.0
4,-5.78996,-5.78996,0.0
5,-5.78996,-5.801903,0.020685
6,-5.78996,-5.813115,0.023178
7,-5.78996,-5.812385,0.022425
8,-5.78996,-5.78996,0.0
9,-5.78996,-5.78996,0.0
10,-5.78996,-5.809794,0.034354
