generation,best,mean,std
0,91.84704,11.513878,32.653315
1,91.84704,21.080379,35.773853
2,91.84704,36.131306,38.614531
3,91.84704,61.800135,34.666199
4,91.84704,78.020953,26.077857
5,91.84704,83.009727,24.894619
6,92.13704,87.868394,15.631149
7,92.13704,88.310605,17.462099
8,92.13704,87.826494,15.698566
9,92.13704,91.73119,0.874487
10,92.13704,89.967359,12.423969
