generation,best,mean,std
0,3.21004,-3.538215,3.896361
1,-5.78996,-5.803597,0.007873
2,-5.78996,-5.794506,0.007873
3,-5.78996,-5.78996,0.0
4,-5.78996,-5.78996,0.0
5,-5.78996,-5.78996,0.0
6,-5.273,-5.66072,0.223851
7,-5.786897,-5.789194,0.001326
8,-5.786897,-5.788429,0.001531
9,-5.786897,-5.786897,0.0
10,-5.786897,-5.786897,0.0
