generation,best,mean,std
0,57.16227,-0.106978,12.472013
1,57.16227,5.584885,17.26008
2,57.16227,19.320999,19.857713
3,57.296218,32.990838,23.8203
4,57.296218,45.656177,16.840541
5,57.296218,55.396892,7.303651
6,57.296218,57.172985,0.036339
7,57.732142,55.230171,9.965686
8,57.732142,55.941845,8.82614
9,57.296218,57.211976,0.062599
10,57.296218,55.827671,7.011005
