generation,best,mean,std
0,91.84704,11.513878,32.653315
1,91.84704,68.004631,30.175817
2,91.84704,91.775365,0.014631
3,91.84704,91.778352,0.020255
4,92.24704,91.808577,0.085467
5,92.33704,91.875308,0.1287
6,92.33704,91.95524,0.169914
7,92.33704,92.10884,0.190952
8,92.53704,92.31404,0.051971
9,93.727,92.376839,0.198635
10,93.727,92.420638,0.275483
