generation,best,mean,std
0,21.758253,1.049021,11.956545
1,48.758253,28.508253,11.691343
2,85.62385,51.224652,22.714201
3,85.62385,69.159694,13.542531
4,86.48188,85.838358,0.371538
5,86.48188,86.48188,0.0
6,86.48188,86.48188,0.0
7,86.48188,86.48188,0.0
8,86.48188,86.48188,0.0
9,86.48188,86.48188,0.0
10,86.48188,86.48188,0.0
