generation,best,mean,std
0,3.21004,-3.538215,3.896361
1,3.21004,-3.50804,3.878863
2,57.601837,12.321677,26.397917
3,3.21004,-3.485261,3.865534
4,-5.252273,-5.368462,0.201245
5,-5.252273,-5.252273,0.0
6,-5.252273,-5.252273,0.0
7,-5.252273,-5.252273,0.0
8,-5.252273,-5.252273,0.0
9,-5.252273,-5.252273,0.0
10,-5.252273,-5.252273,0.0
