generation,best,mean,std
0,3.228559,-3.779796,4.049966
1,3.228559,3.169216,0.102785
2,3.228559,3.228559,0.0
3,3.228559,3.228559,0.0
4,3.228559,3.228559,0.0
5,3.228559,3.228559,0.0
6,3.228559,3.228559,0.0
7,3.634024,3.329925,0.175572
8,3.634024,3.634024,0.0
9,3.634024,3.634024,0.0
10,3.634024,3.634024,0.0
