generation,best,mean,std
0,21.758253,1.049021,11.956545
1,85.02385,37.574652,27.394807
2,85.02385,85.02385,1e-06
3,85.02385,85.02385,1e-06
4,87.727,85.699638,1.170498
5,87.727,87.727,0.0
6,87.727,87.727,0.0
7,87.727,87.727,0.0
8,87.727,87.727,0.0
9,87.727,87.727,0.0
10,87.727,87.727,0.0
