generation,best,mean,std
0,56.773463,1.925769,14.35191
1,56.773463,21.592472,19.647327
2,56.773463,43.898736,14.895536
3,56.773463,56.773463,2e-06
4,56.777424,56.773543,0.000554
5,56.886318,56.77572,0.0158
6,74.759724,57.144474,2.516692
7,74.759724,57.893267,4.261568
8,74.759724,61.533403,7.839888
9,74.759724,69.397702,8.190624
10,74.759724,74.759724,1e-06
