generation,best,mean,std
0,3.228559,-3.779796,4.049966
1,3.228559,3.228559,0.0
2,3.228559,3.228559,0.0
3,3.228559,3.228559,0.0
4,3.228559,3.228559,0.0
5,3.260207,3.236471,0.013704
6,3.260207,3.236471,0.013704
7,3.260207,3.245163,0.015084
8,3.260207,3.260207,0.0
9,3.260207,3.260207,0.0
10,3.260207,3.260207,0.0
