generation,best,mean,std
0,21.758253,1.049021,11.956545
1,-5.774552,-5.80244,0.048304
2,-5.774552,-5.774552,0.0
3,-5.774552,-5.774552,0.0
4,-5.774552,-5.774552,0.0
5,-5.774552,-5.774552,0.0
6,-5.774552,-5.774552,0.0
7,-5.774552,-5.774552,0.0
8,-5.774552,-5.774552,0.0
9,-5.774552,-5.80244,0.048304
10,-5.774552,-5.774552,0.0
