generation,best,mean,std
0,91.84704,11.513878,32.653315
1,91.84704,18.380239,35.999081
2,91.84704,38.678224,41.361325
3,91.972379,58.108902,37.555665
4,91.93704,77.315806,24.745107
5,91.93704,78.731227,28.781568
6,91.93704,84.134855,19.935627
7,91.93704,89.876646,8.590563
8,91.93704,85.885704,20.51851
9,91.93704,82.898001,25.528519
10,91.93704,89.108146,13.974821
