generation,best,mean,std
0,3.21004,-3.538215,3.896361
1,57.244258,23.464175,20.516684
2,57.244258,57.244258,0.0
3,57.244258,57.244258,0.0
4,57.244258,57.244258,0.0
5,57.244258,57.244258,0.0
6,57.244258,57.244258,0.0
7,57.244258,57.244258,0.0
8,57.244258,57.244258,0.0
9,57.244258,57.244258,0.0
10,57.244258,57.244258,0.0
