generation,best,mean,std
0,56.773463,1.925769,14.35191
1,65.783394,29.684783,14.852895
2,65.783394,53.996749,9.761062
3,74.857963,61.461044,5.178915
4,74.857963,66.872214,2.948538
5,74.857963,68.686999,4.232695
6,74.857963,74.857963,3e-06
7,74.857963,74.857963,3e-06
8,74.857963,74.857963,3e-06
9,74.857963,74.857963,3e-06
10,74.857963,74.857963,3e-06
