generation,best,mean,std
0,3.228559,-3.779796,4.049966
1,11.769519,5.636126,3.568931
2,11.769519,11.769519,0.0
3,56.74425,23.013201,19.47463
4,56.74425,45.500567,19.47463
5,56.74425,56.74425,0.0
6,56.74425,56.74425,0.0
7,56.74425,56.74425,0.0
8,56.74425,56.74425,0.0
9,56.74425,56.74425,0.0
10,56.74425,56.74425,0.0
