generation,best,mean,std
0,21.758253,1.049021,11.956545
1,21.758253,7.936074,13.822179
2,21.758253,19.369675,4.137138
3,21.758253,21.758253,0.0
4,39.454823,26.182395,7.662839
5,48.931096,30.725606,14.237962
6,48.931096,41.897117,4.06283
7,39.747727,39.674501,0.126831
8,39.747727,35.285828,7.728234
9,39.747727,39.674501,0.126831
10,39.747727,39.747727,0.0
