generation,best,mean,std
0,3.21004,-3.538215,3.896361
1,12.046757,5.419219,3.826411
2,12.046757,7.629164,4.417593
3,12.16227,12.075635,0.050019
4,12.16227,12.16227,0.0
5,12.16227,12.16227,0.0
6,12.16227,12.16227,0.0
7,12.16227,12.16227,0.0
8,12.16227,12.16227,0.0
9,12.16227,12.16227,0.0
10,12.16227,12.16227,0.0
