generation,best,mean,std
0,57.16227,-0.106978,12.472013
1,57.225448,8.657141,18.076252
2,57.225448,33.592541,16.774722
3,64.092245,57.307187,0.969479
4,66.049357,57.64412,1.808456
5,66.049357,58.908533,3.162752
6,66.100103,62.507956,3.582577
7,66.100103,65.90261,0.534203
8,66.299556,66.088514,0.037207
9,66.299556,66.11207,0.047368
10,66.299556,66.124037,0.064815
