generation,best,mean,std
0,21.758253,1.049021,11.956545
1,21.758253,14.8712,11.928726
2,21.758253,21.758253,0.0
3,21.758253,21.758253,0.0
4,21.758253,21.758253,0.0
5,85.527,37.70044,27.612678
6,85.527,85.527,0.0
7,85.62385,85.551213,0.041937
8,85.62385,85.551213,0.041937
9,86.08188,85.689933,0.229719
10,86.08188,86.08188,0.0
