generation,best,mean,std
0,3.21004,-3.538215,3.896361
1,3.21004,-3.485261,3.865534
2,3.21004,3.21004,0.0
3,3.21004,3.21004,0.0
4,3.912404,3.385631,0.304132
5,3.912404,3.912404,0.0
6,3.912404,3.912404,0.0
7,3.912404,3.912404,0.0
8,3.912404,3.912404,0.0
9,3.912404,3.912404,0.0
10,12.790514,6.131931,3.844334
