generation,best,mean,std
0,56.773463,1.925769,14.35191
1,56.773463,23.789865,16.037827
2,56.773463,40.042007,16.849024
3,65.775442,56.955584,1.260064
4,65.775442,57.861676,2.922476
5,84.813791,62.406247,6.34155
6,84.813791,67.278948,4.763684
7,85.19141,72.600459,8.72504
8,85.19141,83.226421,3.691142
9,85.19141,84.881763,0.145076
10,85.19141,85.002601,0.188809
