generation,best,mean,std
0,3.228559,-3.779796,4.049966
1,3.228559,-1.403026,4.633739
2,3.228559,1.250886,3.425429
3,3.228559,3.228559,0.0
4,3.228559,3.228559,0.0
5,3.228559,3.228559,0.0
6,3.228559,3.228559,0.0
7,3.228559,3.228559,0.0
8,3.228559,3.228559,0.0
9,3.36521,3.262722,0.059172
10,3.36521,3.263502,0.058735
