generation,best,mean,std
0,57.16227,-0.106978,12.472013
1,57.16227,15.410051,24.125383
2,57.752976,50.263892,13.876858
3,57.752976,57.216093,0.15953
4,57.752976,57.328797,0.252632
5,66.747727,58.01893,1.79213
6,66.752976,58.292766,2.136551
7,66.752976,59.912136,3.842254
8,66.752976,62.071191,4.494541
9,75.752976,66.930666,1.260333
10,75.752976,68.012976,3.122883
