generation,best,mean,std
0,3.21004,-3.538215,3.896361
1,3.279688,0.995685,3.875691
2,12.779644,5.619853,4.133805
3,12.779644,8.029666,4.749978
4,21.779644,15.029644,3.897114
5,21.779644,21.779644,0.0
6,21.779644,21.779644,0.0
7,21.779644,21.779644,0.0
8,21.779644,21.779644,0.0
9,21.779644,21.779644,0.0
10,21.779644,21.779644,0.0
