generation,best,mean,std
0,21.758253,1.049021,11.956545
1,87.672124,31.325631,34.433668
2,87.672124,71.193656,28.541543
3,87.672124,87.672124,0.0
4,87.727,87.685843,0.023762
5,87.727,87.727,0.0
6,87.727,87.727,0.0
7,87.727,87.727,0.0
8,87.727,87.727,0.0
9,87.727,87.727,0.0
10,87.727,87.727,0.0
