generation,best,mean,std
0,91.84704,11.513878,32.653315
1,92.524826,59.463346,34.34105
2,92.524826,91.817409,0.147425
3,92.524826,91.883651,0.192412
4,92.53704,91.905108,0.184493
5,92.53704,91.932219,0.220295
6,92.53704,92.099465,0.322463
7,92.53704,92.529956,0.006028
8,92.53704,92.53704,3e-06
9,92.53704,92.53704,3e-06
10,92.53704,92.53704,3e-06
