generation,best,mean,std
0,21.758253,1.049021,11.956545
1,85.727,30.863387,33.612836
2,85.727,69.709026,27.684424
3,87.727,86.227,0.866025
4,87.727,87.727,0.0
5,88.612614,87.948404,0.383482
6,88.612614,88.113995,0.394962
7,88.612614,88.169807,0.442807
8,88.612614,88.612614,0.0
9,88.612614,88.612614,0.0
10,88.612614,88.612614,0.0
