generation,best,mean,std
0,91.84704,11.513878,32.653315
1,91.84704,55.041912,32.957168
2,91.84704,91.785818,0.028684
3,91.84704,91.814189,0.037061
4,91.84704,91.84704,3e-06
5,91.84704,91.84704,3e-06
6,91.84704,91.84704,3e-06
7,91.84704,91.84704,3e-06
8,91.84704,91.84704,3e-06
9,92.13704,91.85284,0.0406
10,92.13704,91.86444,0.068871
