generation,best,mean,std
0,3.21004,-3.538215,3.896361
1,3.21004,3.21004,0.0
2,12.790514,5.605158,4.148467
3,12.790514,12.790514,0.0
4,12.790514,12.790514,0.0
5,12.790514,12.790514,0.0
6,12.790514,12.790514,0.0
7,12.790514,12.790514,0.0
8,12.790514,12.790514,0.0
9,12.790514,12.790514,0.0
10,12.790514,12.790514,0.0
