generation,best,mean,std
0,57.16227,-0.106978,12.472013
1,57.16227,15.804573,19.559454
2,57.16227,35.150206,15.469533
3,57.601837,57.171061,0.061539
4,57.73731,57.191353,0.116174
5,57.73731,57.220437,0.159063
6,94.023266,58.058454,5.143634
7,66.711733,57.753786,1.302187
8,66.711733,58.096186,1.758127
9,66.711733,59.352303,3.447001
10,66.711733,64.197685,4.028753
