generation,best,mean,std
0,21.758253,1.049021,11.956545
1,21.758253,21.758253,0.0
2,21.758253,21.758253,0.0
3,21.758253,21.758253,0.0
4,21.758253,21.758253,0.0
5,21.758253,21.758253,0.0
6,21.758253,21.758253,0.0
7,21.758253,21.758253,0.0
8,39.454823,26.182395,7.662839
9,57.912404,44.069218,7.992367
10,57.912404,57.912404,0.0
