generation,best,mean,std
0,3.21004,-3.538215,3.896361
1,3.21004,-3.485261,3.865534
2,3.21004,-3.258065,3.738974
3,-5.252273,-5.267818,0.008975
4,-5.273,-5.273,0.0
5,-5.273,-5.273,0.0
6,-5.273,-5.273,0.0
7,-5.273,-5.273,0.0
8,-5.273,-5.273,0.0
9,-5.273,-5.273,0.0
10,-5.273,-5.273,0.0
