generation,best,mean,std
0,21.758253,1.049021,11.956545
1,48.931096,28.551464,11.766186
2,48.931096,42.021764,11.70068
3,48.931096,48.931096,0.0
4,48.931096,48.931096,0.0
5,48.931096,48.931096,0.0
6,48.931096,48.931096,0.0
7,87.727,58.630072,16.799119
8,87.727,87.727,0.0
9,87.727,87.727,0.0
10,87.727,87.727,0.0
