generation,best,mean,std
0,91.84704,11.513878,32.653315
1,91.84704,70.148732,28.067362
2,91.93704,91.777165,0.025117
3,91.93704,91.786431,0.038006
4,92.13704,91.851735,0.07073
5,92.53704,91.93104,0.093723
6,92.53704,91.98504,0.162776
7,92.53704,92.08104,0.25625
8,92.53704,92.39304,0.25625
9,92.53704,92.53704,3e-06
10,92.53704,92.53704,3e-06
