generation,best,mean,std
0,3.21004,-3.538215,3.896361
1,3.21004,-1.253494,4.463534
2,3.21004,3.21004,0.0
3,3.21004,3.21004,0.0
4,3.21004,3.21004,0.0
5,3.21004,3.21004,0.0
6,12.790514,5.605158,4.148467
7,12.790514,8.000277,4.790237
8,12.790514,10.395395,4.148467
9,12.790514,5.585324,4.160044
10,12.790514,5.605158,4.148467
