generation,best,mean,std
0,56.773463,1.925769,14.35191
1,56.773463,7.938018,17.564162
2,65.77941,12.376062,19.080787
3,65.77941,22.643294,20.529103
4,84.422056,38.784359,21.287826
5,84.422056,44.567135,20.622586
6,84.422056,45.487305,20.904755
7,65.77941,51.492307,14.837275
8,65.77941,55.888426,6.498291
9,65.77941,52.484287,15.132964
10,65.77941,55.733051,9.012819
