generation,best,mean,std
0,84.61004,17.102763,38.976274
1,84.61004,39.584172,45.026777
2,84.61004,62.071236,39.038354
3,84.61004,62.071236,39.038354
4,84.61004,84.61004,0.0
5,84.61004,84.61004,0.0
