generation,best,mean,std
0,21.758253,1.049021,11.956545
1,39.454823,26.182395,7.662839
2,39.454823,35.03068,7.662839
3,39.454823,39.454823,0.0
4,39.454823,30.371683,15.732459
5,39.454823,28.119591,19.633197
6,39.454823,28.119591,19.633197
7,39.454823,28.119591,19.633197
8,39.454823,39.454823,0.0
9,39.454823,39.454823,0.0
10,39.454823,39.454823,0.0
