generation,best,mean,std
0,21.758253,1.049021,11.956545
1,21.758253,1.097093,11.928726
2,21.758253,1.078675,11.939398
3,-5.78996,-5.78996,0.0
4,-5.78996,-5.78996,0.0
5,-5.78996,-5.78996,0.0
6,-5.78996,-5.78996,0.0
7,-5.78996,-5.78996,0.0
8,-5.78996,-5.8105,0.035575
9,-5.78996,-5.78996,0.0
10,-5.78996,-5.78996,0.0
