generation,best,mean,std
0,91.84704,11.513878,32.653315
1,91.84704,25.637996,39.45337
2,91.84704,48.649717,41.473828
3,92.13704,73.649849,28.350803
4,92.13704,89.231429,9.807504
5,92.13704,91.615779,0.844862
6,92.13704,91.671288,0.868244
7,92.13704,91.345817,2.413061
8,92.13704,91.515377,1.328233
9,92.13704,89.527416,13.666125
10,92.13704,91.065899,3.664222
