generation,best,mean,std
0,21.758253,1.049021,11.956545
1,-5.796058,-5.863592,0.038991
2,-5.796058,-5.796058,0.0
3,-5.796058,-5.796058,0.0
4,-5.796058,-5.796058,0.0
5,-5.796058,-5.796058,0.0
6,-5.796058,-5.796058,0.0
7,-5.796058,-5.796058,0.0
8,-5.796058,-5.796058,0.0
9,-5.796058,-5.796058,0.0
10,-5.796058,-5.796058,0.0
