generation,best,mean,std
0,21.758253,1.049021,11.956545
1,21.758253,7.936074,13.822179
2,21.758253,7.936074,13.822179
3,-5.774552,-5.858216,0.048304
4,-5.774552,-5.830328,0.055776
5,-5.774552,-5.80244,0.048304
6,-5.774552,-5.774552,0.0
7,-5.774552,-5.774552,0.0
8,-5.774552,-5.830328,0.055776
9,-5.774552,-5.774552,0.0
10,-5.774552,-5.774552,0.0
