generation,best,mean,std
0,21.747727,7.968076,13.228434
1,21.747727,14.729874,11.520978
2,21.747727,14.843471,11.958522
3,21.747727,14.843471,11.958522
4,21.747727,21.747727,0.0
5,21.747727,21.747727,0.0
