generation,best,mean,std
0,3.21004,-3.538215,3.896361
1,3.21004,-3.485261,3.865534
2,3.21004,-1.137305,4.350449
3,3.21004,-1.021117,4.231157
4,3.130703,-3.156529,3.629935
5,3.130703,-1.060785,4.191488
6,3.130703,3.130703,0.0
7,3.73731,3.282355,0.262668
8,3.73731,3.282355,0.262668
9,11.690082,5.573851,3.539881
10,11.690082,7.713696,3.976386
