generation,best,mean,std
0,3.228559,-3.779796,4.049966
1,3.228559,-3.646843,3.986009
2,3.228559,-3.203191,3.713372
3,3.228559,-1.059274,4.287833
4,3.228559,3.228559,0.0
5,3.228559,3.228559,0.0
6,3.228559,3.228559,0.0
7,3.228559,3.228559,0.0
8,4.317869,3.773214,0.544655
9,4.317869,4.317869,0.0
10,4.317869,4.317869,0.0
