generation,best,mean,std
0,3.228559,-3.779796,4.049966
1,-5.834811,-6.133528,0.172472
2,-5.834811,-5.934711,0.173032
3,-5.834811,-5.834811,0.0
4,-5.834811,-5.834811,0.0
5,-5.834811,-5.834811,0.0
6,-5.831882,-5.833347,0.001464
7,-5.831882,-5.933247,0.173881
8,-5.831882,-5.832615,0.001268
9,-5.831882,-5.831882,0.0
10,-5.831882,-5.831882,0.0
