generation,best,mean,std
0,91.84704,11.513878,32.653315
1,91.84704,46.446833,37.120383
2,92.576119,91.643709,0.767317
3,92.576119,91.846628,0.198077
4,92.576119,91.954854,0.271786
5,92.927,92.295414,0.342867
6,92.927,92.621243,0.114862
7,92.927,92.772613,0.174173
8,92.927,92.927,0.0
9,92.927,92.927,0.0
10,92.927,92.927,0.0
