generation,best,mean,std
0,21.758253,1.049021,11.956545
1,21.758253,7.984146,13.774107
2,21.758253,21.758253,0.0
3,21.758253,21.758253,0.0
4,21.758253,21.758253,0.0
5,21.758253,21.758253,0.0
6,39.454823,26.182395,7.662839
7,48.523536,37.300518,9.701413
8,48.523536,46.256358,3.926868
9,48.523536,48.523536,0.0
10,48.523536,48.523536,0.0
