generation,best,mean,std
0,56.773463,1.925769,14.35191
1,30.801503,8.660757,13.866448
2,57.191858,14.956579,14.29095
3,30.182889,18.883599,9.035579
4,48.174,18.678298,11.544394
5,48.174,20.189019,10.268938
6,48.174,20.66968,7.908184
7,57.450924,20.610086,11.775864
8,57.450924,21.466714,12.392022
9,57.450924,23.778403,9.23005
10,57.450924,24.45868,11.990995
