generation,best,mean,std
0,3.228559,-3.779796,4.049966
1,3.228559,-3.568968,3.924554
2,3.228559,-3.568968,3.924554
3,3.228559,-3.651031,3.972498
4,3.228559,-3.692063,3.995623
5,-5.929589,-5.964263,0.034674
6,4.317869,-3.402398,4.457388
7,4.317869,4.317869,0.0
8,4.317869,4.317869,0.0
9,4.317869,4.317869,0.0
10,4.317869,4.317869,0.0
