generation,best,mean,std
0,3.21004,-3.538215,3.896361
1,39.16227,12.198097,15.567772
2,39.16227,39.16227,0.0
3,39.16227,39.16227,0.0
4,39.16227,39.16227,0.0
5,39.16227,39.16227,0.0
6,39.16227,39.16227,0.0
7,39.16227,39.16227,0.0
8,39.16227,39.16227,0.0
9,39.16227,39.16227,0.0
10,39.16227,39.16227,0.0
