generation,best,mean,std
0,57.16227,-0.106978,12.472013
1,66.171054,14.013149,20.04895
2,66.171054,38.237035,18.422406
3,66.171054,60.068482,4.185335
4,66.228559,65.280886,2.671423
5,66.228559,66.176805,0.017251
6,66.228559,66.187156,0.025819
7,66.228559,66.222808,0.017251
8,66.228559,66.228559,2e-06
9,66.228559,66.228559,2e-06
10,66.228559,66.228559,2e-06
