generation,best,mean,std
0,91.84704,11.513878,32.653315
1,91.772379,15.685538,33.85302
2,91.772379,28.495233,36.243586
3,91.772379,37.681801,36.653184
4,91.772379,47.553869,35.148005
5,91.772379,71.738376,27.696696
6,91.772379,88.06237,13.953765
7,91.772379,83.991998,23.707969
8,91.772379,78.792038,30.134593
9,91.772379,87.164252,16.674518
10,91.84704,90.120985,11.138087
