generation,best,mean,std
0,21.758253,1.049021,11.956545
1,-5.78996,-5.78996,0.0
2,-5.78996,-5.813996,0.041632
3,-5.78996,-5.78996,0.0
4,-5.78996,-5.78996,0.0
5,-5.78996,-5.78996,0.0
6,-5.78996,-5.791485,0.00264
7,-5.78996,-5.791485,0.00264
8,-5.78996,-5.78996,0.0
9,-5.78996,-5.78996,0.0
10,-5.78996,-5.78996,0.0
