generation,best,mean,std
0,56.773463,1.925769,14.35191
1,74.77941,19.402721,20.687492
2,74.77941,38.131283,17.493141
3,74.77941,59.112302,5.637157
4,87.193424,64.035996,7.826683
5,87.193424,71.538708,5.858748
6,87.193424,78.219334,5.517688
7,87.193424,85.667742,4.023285
8,87.193424,87.193424,4e-06
9,87.193424,87.193424,4e-06
10,87.193424,87.193424,4e-06
