generation,best,mean,std
0,3.21004,-3.538215,3.896361
1,29.897441,3.141032,15.447865
2,29.897441,29.897441,0.0
3,29.897441,29.897441,0.0
4,29.897441,29.897441,0.0
5,29.897441,29.897441,0.0
6,29.897441,29.897441,0.0
7,29.897441,21.104831,15.229248
8,29.897441,29.897441,0.0
9,29.897441,29.897441,0.0
10,29.897441,29.897441,0.0
