generation,best,mean,std
0,3.228559,-3.779796,4.049966
1,2.765589,-3.984411,3.897114
2,2.765589,0.515589,3.897114
3,2.765589,-1.734411,4.5
4,2.765589,2.765589,0.0
5,56.773463,14.119415,24.875083
6,56.773463,56.773463,0.0
7,56.773463,56.773463,0.0
8,56.773463,56.773463,0.0
9,56.773463,56.773463,0.0
10,56.773463,56.773463,0.0
