generation,best,mean,std
0,3.21004,-3.538215,3.896361
1,3.21004,3.21004,0.0
2,3.21004,3.21004,0.0
3,3.21004,3.21004,0.0
4,3.601837,3.405939,0.195899
5,3.601837,3.307989,0.169653
6,3.807043,3.440697,0.27354
7,3.807043,3.807043,0.0
8,3.807043,3.807043,0.0
9,3.807043,1.542214,3.922799
10,3.807043,3.807043,0.0
