generation,best,mean,std
0,3.228559,-3.779796,4.049966
1,3.375982,3.265415,0.063836
2,3.375982,3.375982,0.0
3,3.375982,3.375982,0.0
4,3.375982,3.375982,0.0
5,3.375982,3.375982,0.0
6,3.375982,3.375982,0.0
7,4.317869,3.675964,0.385285
8,13.317869,6.332397,4.051353
9,13.317869,8.817869,4.5
10,13.317869,13.317869,0.0
