generation,best,mean,std
0,56.773463,1.925769,14.35191
1,56.7814,20.000495,14.843923
2,74.849397,34.440772,16.333426
3,74.849397,59.30321,6.004567
4,74.849397,65.810536,8.667428
5,74.849397,74.849397,1e-06
6,74.849397,74.849397,1e-06
7,74.849397,74.849397,1e-06
8,74.849397,74.849397,1e-06
9,74.849397,74.849397,1e-06
10,85.838793,75.069185,1.538515
