generation,best,mean,std
0,39.409013,10.264214,18.28341
1,39.409013,21.41787,19.032985
2,39.409013,30.307026,15.765105
3,39.409013,30.307026,15.765105
4,39.409013,39.409013,0.0
5,39.409013,39.409013,0.0
