generation,best,mean,std
0,56.773463,1.925769,14.35191
1,56.773463,6.836081,16.729558
2,56.773463,14.742382,19.662322
3,56.773463,24.065645,22.236113
4,56.773463,31.200885,19.248777
5,65.736602,36.870277,18.068555
6,65.736602,41.753125,19.887345
7,65.736602,52.051074,12.786309
8,65.736602,51.269114,15.897056
9,56.773463,53.925506,9.657892
10,65.783394,51.624916,14.868142
