generation,best,mean,std
0,3.228559,-3.779796,4.049966
1,3.011039,-1.633741,4.64478
2,3.011039,3.011039,0.0
3,3.011039,3.011039,0.0
4,3.011039,3.008545,0.004319
5,3.011039,3.008545,0.004319
6,3.011039,3.011039,0.0
7,3.011039,3.008545,0.004319
8,3.011039,3.011039,0.0
9,3.011039,3.011039,0.0
10,3.011039,3.011039,0.0
