generation,best,mean,std
0,3.21004,-3.538215,3.896361
1,3.21004,-3.545612,3.900689
2,-5.717028,-5.747203,0.052266
3,-5.717028,-5.747203,0.052266
4,-5.717028,-5.717028,0.0
5,-5.717028,-5.717028,0.0
6,-5.717028,-5.717028,0.0
7,-5.717028,-5.717028,0.0
8,-5.717028,-5.717028,0.0
9,-5.717028,-5.747203,0.052266
10,-5.717028,-5.717028,0.0
