generation,best,mean,std
0,57.16227,-0.106978,12.472013
1,57.16227,0.848042,12.465838
2,57.16227,4.785679,14.753686
3,57.16227,6.429607,14.154886
4,57.266659,14.438895,18.392067
5,57.266659,22.176184,21.892513
6,57.266659,32.92221,20.524933
7,57.266659,41.32507,20.203886
8,57.266659,48.640631,16.534478
9,57.266659,51.667905,15.553692
10,57.266659,55.413299,8.967138
