generation,best,mean,std
0,3.21004,-3.538215,3.896361
1,3.21004,3.21004,0.0
2,39.790514,12.355158,15.83981
3,3.21004,3.21004,0.0
4,3.21004,3.21004,0.0
5,3.21004,3.21004,0.0
6,3.21004,3.21004,0.0
7,3.21004,3.21004,0.0
8,3.21004,3.21004,0.0
9,3.21004,3.21004,0.0
10,3.21004,3.21004,0.0
