generation,best,mean,std
0,57.16227,-0.106978,12.472013
1,57.16227,20.463242,22.691173
2,57.21004,45.116628,16.497103
3,57.601837,57.173927,0.062172
4,57.601837,57.196464,0.104478
5,57.601837,57.247656,0.135138
6,57.752976,57.336368,0.150751
7,57.752976,57.557277,0.131758
8,57.752976,57.607883,0.029617
9,57.752976,57.616951,0.045342
10,57.752976,57.635088,0.062609
