generation,best,mean,std
0,3.21004,-3.538215,3.896361
1,3.21004,3.21004,0.0
2,3.763558,3.365831,0.231381
3,3.279688,3.24563,0.034076
4,12.801503,5.660142,4.123067
5,12.801503,12.801503,0.0
6,12.801503,12.801503,0.0
7,12.801503,12.801503,0.0
8,12.801503,12.801503,0.0
9,12.801503,12.801503,0.0
10,12.801503,12.801503,0.0
