generation,best,mean,std
0,3.228559,-3.779796,4.049966
1,-6.234411,-6.234411,0.0
2,-6.234411,-6.234411,0.0
3,-6.234411,-6.234411,0.0
4,74.77941,34.2725,40.50691
5,74.77941,74.77941,0.0
6,74.77941,74.77941,0.0
7,74.77941,74.77941,0.0
8,74.77941,74.77941,0.0
9,74.77941,74.77941,0.0
10,74.77941,74.77941,0.0
