generation,best,mean,std
0,21.758253,1.049021,11.956545
1,87.963558,38.309579,28.667738
2,90.48188,72.041812,29.049425
3,90.48188,55.031347,33.308698
4,90.48188,56.120066,34.361814
5,90.48188,90.48188,0.0
6,90.48188,90.48188,0.0
7,90.48188,90.48188,0.0
8,90.48188,90.48188,0.0
9,90.48188,90.48188,0.0
10,90.48188,90.48188,0.0
