generation,best,mean,std
0,57.16227,-0.106978,12.472013
1,57.16227,1.202654,11.908919
2,57.286267,10.25707,15.321244
3,57.721885,16.750101,17.660472
4,57.286267,20.389525,15.583035
5,57.286267,26.865652,15.116201
6,57.286267,36.95408,18.267312
7,57.286267,45.915614,16.575433
8,57.286267,52.834414,12.084733
9,57.286267,52.451701,14.859735
10,57.286267,53.003604,14.523218
