generation,best,mean,std
0,3.228559,-3.779796,4.049966
1,3.228559,3.171685,0.098508
2,3.228559,3.228559,0.0
3,3.228559,3.228559,0.0
4,4.317869,3.500886,0.471685
5,3.228559,3.228559,0.0
6,3.228559,-3.044039,3.632085
7,3.228559,-0.726786,3.955345
8,3.228559,3.228559,0.0
9,3.228559,3.228559,0.0
10,3.228559,3.228559,0.0
