generation,best,mean,std
0,56.773463,1.925769,14.35191
1,56.773463,17.504498,22.404753
2,56.773463,23.58128,20.567438
3,56.773463,34.705842,20.849298
4,56.773463,46.0794,15.205007
5,74.868774,56.067471,7.128882
6,74.868774,58.584684,5.428043
7,74.868774,59.678984,11.019266
8,74.868774,61.31646,14.64598
9,74.868774,65.497057,14.10325
10,74.868774,67.647849,12.447689
