generation,best,mean,std
0,56.773463,1.925769,14.35191
1,56.773463,20.916815,20.534283
2,57.216175,44.675964,12.086618
3,56.773463,54.02639,4.004513
4,56.773463,56.773463,2e-06
5,56.773463,56.773463,2e-06
6,85.557367,57.349141,4.029747
7,85.557367,57.349141,4.029747
8,85.557367,57.349141,4.029747
9,85.557367,57.349141,4.029747
10,85.557367,58.500498,6.835798
