generation,best,mean,std
0,3.228559,-3.779796,4.049966
1,3.228559,3.228559,0.0
2,3.228559,3.228559,0.0
3,3.228559,3.228559,0.0
4,3.228559,3.228559,0.0
5,3.228559,3.228559,0.0
6,3.228559,3.228559,0.0
7,4.317869,3.500886,0.471685
8,4.317869,4.045541,0.471685
9,4.317869,4.317869,0.0
10,4.317869,4.317869,0.0
