generation,best,mean,std
0,3.228559,-3.779796,4.049966
1,3.228559,2.997074,0.231485
2,3.228559,3.112816,0.200472
3,3.228559,3.228559,0.0
4,3.228559,3.228559,0.0
5,3.299556,3.264058,0.035499
6,3.299556,3.299556,0.0
7,3.299556,3.299556,0.0
8,3.299556,3.299556,0.0
9,21.643414,7.885521,7.943123
10,21.643414,12.471485,9.171929
