generation,best,mean,std
0,56.773463,1.925769,14.35191
1,56.773463,4.586542,16.460717
2,56.773463,13.186014,21.305159
3,56.773463,27.78306,23.215522
4,74.7814,41.359424,21.328944
5,74.7814,50.808124,19.315975
6,74.7814,56.074469,11.450154
7,74.7814,55.351883,9.349535
8,86.193424,56.29834,8.581316
9,86.193424,57.824441,8.736876
10,86.193424,57.582972,13.679035
