generation,best,mean,std
0,21.758253,1.049021,11.956545
1,21.758253,1.097093,11.928726
2,21.758253,21.758253,0.0
3,21.758253,21.758253,0.0
4,87.727,38.25044,28.565306
5,21.758253,21.758253,0.0
6,39.454823,26.182395,7.662839
7,39.454823,39.454823,0.0
8,39.454823,39.454823,0.0
9,39.454823,39.454823,0.0
10,39.454823,39.454823,0.0
