generation,best,mean,std
0,3.228559,-3.779796,4.049966
1,4.317869,3.500886,0.471685
2,4.317869,3.500886,0.471685
3,4.317869,4.317869,0.0
4,4.317869,4.317869,0.0
5,4.317869,4.317869,0.0
6,4.317869,4.317869,0.0
7,4.317869,4.317869,0.0
8,4.317869,4.317869,0.0
9,4.317869,4.317869,0.0
10,4.317869,4.317869,0.0
