generation,best,mean,std
0,3.21004,-3.538215,3.896361
1,12.801503,5.890193,7.531105
2,12.801503,10.403637,4.153225
3,12.801503,12.801503,0.0
4,12.801503,12.801503,0.0
5,12.801503,12.801503,0.0
6,12.801503,12.801503,0.0
7,12.801503,12.801503,0.0
8,12.801503,12.801503,0.0
9,12.801503,12.801503,0.0
10,12.801503,12.801503,0.0
