generation,best,mean,std
0,57.16227,-0.106978,12.472013
1,30.289573,1.155534,11.066937
2,30.289573,10.040936,12.994289
3,57.216175,18.346323,10.377546
4,57.16227,22.625035,7.362928
5,57.326677,27.593225,14.374476
6,57.326677,30.071351,17.851644
7,57.326677,38.939164,18.498072
8,57.701683,44.651801,17.686331
9,57.701683,51.237697,15.22818
10,57.701683,56.266766,7.484443
