generation,best,mean,std
0,91.84704,11.513878,32.653315
1,91.84704,24.667146,38.277703
2,91.84704,35.089968,36.873179
3,91.84704,50.269002,33.556811
4,92.372379,72.749942,27.347451
5,92.372379,82.561082,22.683511
6,91.84704,89.44554,9.490835
7,91.84704,88.592326,16.004743
8,91.84704,91.621126,1.144423
9,91.84704,91.722562,0.445633
10,91.84704,85.798873,20.45099
