generation,best,mean,std
0,21.758253,1.049021,11.956545
1,21.758253,8.045342,13.713184
2,85.62385,24.072937,37.243584
3,85.62385,85.62385,0.0
4,85.62385,85.62385,0.0
5,85.62385,85.62385,0.0
6,85.62385,85.62385,0.0
7,85.62385,85.62385,0.0
8,85.62385,85.62385,0.0
9,85.62385,85.62385,0.0
10,85.62385,85.62385,0.0
